timestamp,mood
2025-05-06 21:15:25,neutral
2025-05-06 21:15:25,neutral
2025-05-06 21:15:25,neutral
2025-05-06 21:15:25,neutral
2025-05-06 21:15:25,neutral
2025-05-06 21:15:25,neutral
2025-05-06 21:15:25,neutral
2025-05-06 21:15:26,happy
2025-05-06 21:15:26,happy
2025-05-06 21:15:26,happy
2025-05-06 21:15:26,happy
2025-05-06 21:15:26,happy
2025-05-06 21:15:26,happy
2025-05-06 21:15:26,happy
2025-05-06 21:15:26,happy
2025-05-06 21:15:26,happy
2025-05-06 21:15:26,happy
2025-05-06 21:15:26,happy
2025-05-06 21:15:26,happy
2025-05-06 21:15:26,neutral
2025-05-06 21:15:26,neutral
2025-05-06 21:15:26,neutral
2025-05-06 21:15:27,neutral
2025-05-06 21:15:27,neutral
2025-05-06 21:15:27,neutral
2025-05-06 21:15:27,neutral
2025-05-06 21:15:27,neutral
2025-05-06 21:15:27,neutral
2025-05-06 21:15:27,neutral
2025-05-06 21:15:27,neutral
2025-05-06 21:15:27,neutral
2025-05-06 21:15:27,neutral
2025-05-06 21:15:27,neutral
2025-05-06 21:15:27,neutral
2025-05-06 21:15:27,neutral
2025-05-06 21:15:27,neutral
2025-05-06 21:15:27,neutral
2025-05-06 21:15:27,neutral
2025-05-06 21:15:27,neutral
2025-05-06 21:15:27,neutral
2025-05-06 21:15:27,neutral
2025-05-06 21:15:27,neutral
2025-05-06 21:15:27,neutral
2025-05-06 21:15:27,neutral
2025-05-06 21:15:27,neutral
2025-05-06 21:15:27,neutral
2025-05-06 21:15:27,neutral
2025-05-06 21:15:27,neutral
2025-05-06 21:15:27,neutral
2025-05-06 21:15:27,neutral
2025-05-06 21:15:27,neutral
2025-05-06 21:15:27,neutral
2025-05-06 21:15:28,neutral
2025-05-06 21:15:28,neutral
2025-05-06 21:15:28,neutral
2025-05-06 21:15:28,neutral
2025-05-06 21:15:28,neutral
2025-05-06 21:15:28,neutral
2025-05-06 21:15:28,neutral
2025-05-06 21:15:28,happy
2025-05-06 21:15:28,neutral
2025-05-06 21:15:28,happy
2025-05-06 21:15:28,neutral
2025-05-06 21:15:28,happy
2025-05-06 21:15:28,happy
2025-05-06 21:15:28,neutral
2025-05-06 21:15:28,happy
2025-05-06 21:15:28,neutral
2025-05-06 21:15:28,happy
2025-05-06 21:15:28,neutral
2025-05-06 21:15:28,neutral
2025-05-06 21:15:28,happy
2025-05-06 21:15:28,neutral
2025-05-06 21:15:28,happy
2025-05-06 21:15:28,neutral
2025-05-06 21:15:28,happy
2025-05-06 21:15:28,neutral
2025-05-06 21:15:28,happy
2025-05-06 21:15:28,neutral
2025-05-06 21:15:28,happy
2025-05-06 21:15:28,neutral
2025-05-06 21:15:28,happy
2025-05-06 21:15:28,neutral
2025-05-06 21:15:28,happy
2025-05-06 21:15:28,neutral
2025-05-06 21:15:28,happy
2025-05-06 21:15:28,neutral
2025-05-06 21:15:28,happy
2025-05-06 21:15:28,neutral
2025-05-06 21:15:28,happy
2025-05-06 21:15:28,neutral
2025-05-06 21:15:28,happy
2025-05-06 21:15:28,neutral
2025-05-06 21:15:28,happy
2025-05-06 21:15:28,neutral
2025-05-06 21:15:28,happy
2025-05-06 21:15:28,neutral
2025-05-06 21:15:28,happy
2025-05-06 21:15:28,happy
2025-05-06 21:15:28,neutral
2025-05-06 21:15:28,happy
2025-05-06 21:15:28,neutral
2025-05-06 21:15:29,neutral
2025-05-06 21:15:29,happy
2025-05-06 21:15:29,neutral
2025-05-06 21:15:29,happy
2025-05-06 21:15:29,neutral
2025-05-06 21:15:29,neutral
2025-05-06 21:15:29,neutral
2025-05-06 21:15:29,happy
2025-05-06 21:15:29,happy
2025-05-06 21:15:29,neutral
2025-05-06 21:15:29,neutral
2025-05-06 21:15:29,happy
2025-05-06 21:15:29,neutral
2025-05-06 21:15:29,happy
2025-05-06 21:15:29,neutral
2025-05-06 21:15:29,happy
2025-05-06 21:15:29,neutral
2025-05-06 21:15:29,happy
2025-05-06 21:15:29,neutral
2025-05-06 21:15:29,happy
2025-05-06 21:15:29,neutral
2025-05-06 21:15:29,happy
2025-05-06 21:15:29,happy
2025-05-06 21:15:29,neutral
2025-05-06 21:15:29,neutral
2025-05-06 21:15:29,happy
2025-05-06 21:15:29,neutral
2025-05-06 21:15:29,neutral
2025-05-06 21:15:29,neutral
2025-05-06 21:15:29,happy
2025-05-06 21:15:29,neutral
2025-05-06 21:15:29,happy
2025-05-06 21:15:29,neutral
2025-05-06 21:15:29,happy
2025-05-06 21:15:29,neutral
2025-05-06 21:15:29,happy
2025-05-06 21:15:29,neutral
2025-05-06 21:15:29,happy
2025-05-06 21:15:29,neutral
2025-05-06 21:15:29,happy
2025-05-06 21:15:29,neutral
2025-05-06 21:15:29,neutral
2025-05-06 21:15:30,neutral
2025-05-06 21:15:30,neutral
2025-05-06 21:15:30,neutral
2025-05-06 21:15:30,neutral
2025-05-06 21:15:30,neutral
2025-05-06 21:15:30,neutral
2025-05-06 21:15:30,neutral
2025-05-06 21:15:30,neutral
2025-05-06 21:15:30,neutral
2025-05-06 21:15:30,happy
2025-05-06 21:15:30,neutral
2025-05-06 21:15:30,happy
2025-05-06 21:15:30,neutral
2025-05-06 21:15:30,neutral
2025-05-06 21:15:30,neutral
2025-05-06 21:15:30,neutral
2025-05-06 21:15:30,neutral
2025-05-06 21:15:30,neutral
2025-05-06 21:15:30,neutral
2025-05-06 21:15:30,neutral
2025-05-06 21:15:30,neutral
2025-05-06 21:15:30,neutral
2025-05-06 21:15:30,neutral
2025-05-06 21:15:30,neutral
2025-05-06 21:15:30,neutral
2025-05-06 21:15:30,neutral
2025-05-06 21:15:31,neutral
2025-05-06 21:15:31,neutral
2025-05-06 21:15:31,neutral
2025-05-06 21:15:31,neutral
2025-05-06 21:15:31,happy
2025-05-06 21:15:31,neutral
2025-05-06 21:15:31,neutral
2025-05-06 21:15:31,neutral
2025-05-06 21:15:31,neutral
2025-05-06 21:15:31,happy
2025-05-06 21:15:31,neutral
2025-05-06 21:15:31,happy
2025-05-06 21:15:31,neutral
2025-05-06 21:15:31,happy
2025-05-06 21:15:31,neutral
2025-05-06 21:15:31,neutral
2025-05-06 21:15:31,neutral
2025-05-06 21:15:31,neutral
2025-05-06 21:15:31,happy
2025-05-06 21:15:31,neutral
2025-05-06 21:15:31,happy
2025-05-06 21:15:31,neutral
2025-05-06 21:15:31,happy
2025-05-06 21:15:31,neutral
2025-05-06 21:15:31,neutral
2025-05-06 21:15:31,neutral
2025-05-06 21:15:31,neutral
2025-05-06 21:15:31,neutral
2025-05-06 21:15:31,neutral
2025-05-06 21:15:31,neutral
2025-05-06 21:15:31,neutral
2025-05-06 21:15:32,neutral
2025-05-06 21:15:32,neutral
2025-05-06 21:15:32,neutral
2025-05-06 21:15:32,neutral
2025-05-06 21:15:32,happy
2025-05-06 21:15:32,neutral
2025-05-06 21:15:32,neutral
2025-05-06 21:15:32,neutral
2025-05-06 21:15:32,neutral
2025-05-06 21:15:32,neutral
2025-05-06 21:15:32,neutral
2025-05-06 21:15:32,neutral
2025-05-06 21:15:32,neutral
2025-05-06 21:15:32,neutral
2025-05-06 21:15:32,neutral
2025-05-06 21:15:32,neutral
2025-05-06 21:15:32,neutral
2025-05-06 21:15:32,neutral
2025-05-06 21:15:32,neutral
2025-05-06 21:15:32,neutral
2025-05-06 21:15:32,neutral
2025-05-06 21:15:32,neutral
2025-05-06 21:15:32,neutral
2025-05-06 21:15:32,neutral
2025-05-06 21:15:32,neutral
2025-05-06 21:15:33,neutral
2025-05-06 21:15:33,neutral
2025-05-06 21:15:33,happy
2025-05-06 21:15:33,neutral
2025-05-06 21:15:33,happy
2025-05-06 21:15:33,neutral
2025-05-06 21:15:33,happy
2025-05-06 21:15:33,neutral
2025-05-06 21:15:33,happy
2025-05-06 21:15:33,neutral
2025-05-06 21:15:33,happy
2025-05-06 21:15:33,neutral
2025-05-06 21:15:33,happy
2025-05-06 21:15:33,neutral
2025-05-06 21:15:33,happy
2025-05-06 21:15:33,neutral
2025-05-06 21:15:33,happy
2025-05-06 21:15:33,neutral
2025-05-06 21:15:33,happy
2025-05-06 21:15:33,neutral
2025-05-06 21:15:33,neutral
2025-05-06 21:15:33,neutral
2025-05-06 21:15:33,happy
2025-05-06 21:15:33,neutral
2025-05-06 21:15:33,neutral
2025-05-06 21:15:33,neutral
2025-05-06 21:15:33,happy
2025-05-06 21:15:33,neutral
2025-05-06 21:15:33,happy
2025-05-06 21:15:33,neutral
2025-05-06 21:15:33,happy
2025-05-06 21:15:33,neutral
2025-05-06 21:15:33,neutral
2025-05-06 21:15:33,happy
2025-05-06 21:15:33,neutral
2025-05-06 21:15:33,happy
2025-05-06 21:15:33,neutral
2025-05-06 21:15:33,happy
2025-05-06 21:15:33,neutral
2025-05-06 21:15:34,neutral
2025-05-06 21:15:34,neutral
2025-05-06 21:15:34,happy
2025-05-06 21:15:34,neutral
2025-05-06 21:15:34,happy
2025-05-06 21:15:34,neutral
2025-05-06 21:15:34,happy
2025-05-06 21:15:34,neutral
2025-05-06 21:15:34,happy
2025-05-06 21:15:34,neutral
2025-05-06 21:15:34,happy
2025-05-06 21:15:34,neutral
2025-05-06 21:15:34,happy
2025-05-06 21:15:34,neutral
2025-05-06 21:15:34,neutral
2025-05-06 21:15:34,happy
2025-05-06 21:15:34,neutral
2025-05-06 21:15:34,happy
2025-05-06 21:15:34,neutral
2025-05-06 21:15:34,happy
2025-05-06 21:15:34,neutral
2025-05-06 21:15:34,happy
2025-05-06 21:15:34,neutral
2025-05-06 21:15:34,happy
2025-05-06 21:15:34,neutral
2025-05-06 21:15:34,happy
2025-05-06 21:15:34,neutral
2025-05-06 21:15:34,happy
2025-05-06 21:15:34,neutral
2025-05-06 21:15:34,happy
2025-05-06 21:15:34,neutral
2025-05-06 21:15:34,happy
2025-05-06 21:15:34,neutral
2025-05-06 21:15:34,neutral
2025-05-06 21:15:34,neutral
2025-05-06 21:15:34,neutral
2025-05-06 21:15:34,neutral
2025-05-06 21:15:35,neutral
2025-05-06 21:15:35,neutral
2025-05-06 21:15:35,neutral
2025-05-06 21:15:35,neutral
2025-05-06 21:15:35,neutral
2025-05-06 21:15:35,happy
2025-05-06 21:15:35,neutral
2025-05-06 21:15:35,happy
2025-05-06 21:15:35,neutral
2025-05-06 21:15:35,neutral
2025-05-06 21:15:35,neutral
2025-05-06 21:15:35,neutral
2025-05-06 21:15:35,neutral
2025-05-06 21:15:35,neutral
2025-05-06 21:15:35,neutral
2025-05-06 21:15:35,neutral
2025-05-06 21:15:35,neutral
2025-05-06 21:15:35,neutral
2025-05-06 21:15:35,happy
2025-05-06 21:15:35,neutral
2025-05-06 21:15:35,happy
2025-05-06 21:15:35,neutral
2025-05-06 21:15:35,neutral
2025-05-06 21:15:35,neutral
2025-05-06 21:15:35,neutral
2025-05-06 21:15:36,neutral
2025-05-06 21:15:36,neutral
2025-05-06 21:15:36,neutral
2025-05-06 21:15:36,neutral
2025-05-06 21:15:36,neutral
2025-05-06 21:15:36,neutral
2025-05-06 21:15:36,happy
2025-05-06 21:15:36,neutral
2025-05-06 21:15:36,neutral
2025-05-06 21:15:36,neutral
2025-05-06 21:15:36,neutral
2025-05-06 21:15:36,neutral
2025-05-06 21:15:36,neutral
2025-05-06 21:15:36,happy
2025-05-06 21:15:36,happy
2025-05-06 21:15:36,happy
2025-05-06 21:15:36,neutral
2025-05-06 21:15:36,neutral
2025-05-06 21:15:36,happy
2025-05-06 21:15:36,happy
2025-05-06 21:15:36,happy
2025-05-06 21:15:36,happy
2025-05-06 21:15:36,happy
2025-05-06 21:15:36,happy
2025-05-06 21:15:36,happy
2025-05-06 21:15:36,happy
2025-05-06 21:15:37,happy
2025-05-06 21:15:37,happy
2025-05-06 21:15:37,happy
2025-05-06 21:15:37,happy
2025-05-06 21:15:37,happy
2025-05-06 21:15:37,happy
2025-05-06 21:15:37,happy
2025-05-06 21:15:37,happy
2025-05-06 21:15:37,happy
2025-05-06 21:15:37,happy
2025-05-06 21:15:37,happy
2025-05-06 21:15:37,happy
2025-05-06 21:15:37,happy
2025-05-06 21:15:37,happy
2025-05-06 21:15:37,happy
2025-05-06 21:15:37,happy
2025-05-06 21:15:37,happy
2025-05-06 21:15:37,happy
2025-05-06 21:15:37,happy
2025-05-06 21:15:37,happy
2025-05-06 21:15:37,happy
2025-05-06 21:15:37,happy
2025-05-06 21:15:37,happy
2025-05-06 21:15:37,happy
2025-05-06 21:15:37,happy
2025-05-06 21:15:37,happy
2025-05-06 21:15:37,happy
2025-05-06 21:15:37,happy
2025-05-06 21:15:37,happy
2025-05-06 21:15:38,happy
2025-05-06 21:15:38,happy
2025-05-06 21:15:38,happy
2025-05-06 21:15:38,happy
2025-05-06 21:15:38,happy
2025-05-06 21:15:38,happy
2025-05-06 21:15:38,happy
2025-05-06 21:15:38,happy
2025-05-06 21:15:38,happy
2025-05-06 21:15:38,happy
2025-05-06 21:15:38,happy
2025-05-06 21:15:38,happy
2025-05-06 21:15:38,happy
2025-05-06 21:15:38,happy
2025-05-06 21:15:38,happy
2025-05-06 21:15:38,happy
2025-05-06 21:15:38,happy
2025-05-06 21:15:38,happy
2025-05-06 21:15:38,happy
2025-05-06 21:15:38,happy
2025-05-06 21:15:38,happy
2025-05-06 21:15:38,happy
2025-05-06 21:15:38,happy
2025-05-06 21:15:38,happy
2025-05-06 21:15:38,happy
2025-05-06 21:15:38,happy
2025-05-06 21:15:39,happy
2025-05-06 21:15:39,happy
2025-05-06 21:15:39,happy
2025-05-06 21:15:39,happy
2025-05-06 21:15:39,happy
2025-05-06 21:15:39,happy
2025-05-06 21:15:39,happy
2025-05-06 21:15:39,happy
2025-05-06 21:15:39,happy
2025-05-06 21:15:39,happy
2025-05-06 21:15:39,happy
2025-05-06 21:15:39,happy
2025-05-06 21:15:39,happy
2025-05-06 21:15:39,happy
2025-05-06 21:15:39,happy
2025-05-06 21:15:39,happy
2025-05-06 21:15:39,happy
2025-05-06 21:15:39,happy
2025-05-06 21:15:39,happy
2025-05-06 21:15:39,happy
2025-05-06 21:15:39,happy
2025-05-06 21:15:39,happy
2025-05-06 21:15:39,happy
2025-05-06 21:15:39,happy
2025-05-06 21:15:39,happy
2025-05-06 21:15:39,happy
2025-05-06 21:15:39,happy
2025-05-06 21:15:40,happy
2025-05-06 21:15:40,happy
2025-05-06 21:15:40,happy
2025-05-06 21:15:40,happy
2025-05-06 21:15:40,happy
2025-05-06 21:15:40,happy
2025-05-06 21:15:40,happy
2025-05-06 21:15:40,happy
2025-05-06 21:15:40,happy
2025-05-06 21:15:40,happy
2025-05-06 21:15:40,happy
2025-05-06 21:15:40,happy
2025-05-06 21:15:40,happy
2025-05-06 21:15:40,happy
2025-05-06 21:15:40,happy
2025-05-06 21:15:40,happy
2025-05-06 21:15:40,happy
2025-05-06 21:15:40,happy
2025-05-06 21:15:40,happy
2025-05-06 21:15:40,happy
2025-05-06 21:15:40,happy
2025-05-06 21:15:40,happy
2025-05-06 21:15:41,happy
2025-05-06 21:15:41,happy
2025-05-06 21:15:41,happy
2025-05-06 21:15:41,happy
2025-05-06 21:15:41,happy
2025-05-06 21:15:41,happy
2025-05-06 21:15:41,happy
2025-05-06 21:15:41,happy
2025-05-06 21:15:41,happy
2025-05-06 21:15:41,happy
2025-05-06 21:15:41,happy
2025-05-06 21:15:41,happy
2025-05-06 21:15:41,happy
2025-05-06 21:15:41,happy
2025-05-06 21:15:41,happy
2025-05-06 21:15:41,happy
2025-05-06 21:15:41,happy
2025-05-06 21:15:41,happy
2025-05-06 21:15:41,happy
2025-05-06 21:15:41,happy
2025-05-06 21:15:41,happy
2025-05-06 21:15:41,happy
2025-05-06 21:15:42,happy
2025-05-06 21:15:42,happy
2025-05-06 21:15:42,happy
2025-05-06 21:15:42,happy
2025-05-06 21:15:42,happy
2025-05-06 21:15:42,happy
2025-05-06 21:15:42,happy
2025-05-06 21:15:42,happy
2025-05-06 21:15:42,happy
2025-05-06 21:15:42,happy
2025-05-06 21:15:42,happy
2025-05-06 21:15:42,happy
2025-05-06 21:15:42,happy
2025-05-06 21:15:42,happy
2025-05-06 21:15:42,happy
2025-05-06 21:15:42,happy
2025-05-06 21:15:42,happy
2025-05-06 21:15:42,happy
2025-05-06 21:15:42,happy
2025-05-06 21:15:42,happy
2025-05-06 21:15:42,happy
2025-05-06 21:15:42,happy
2025-05-06 21:15:42,happy
2025-05-06 21:15:42,happy
2025-05-06 21:15:43,happy
2025-05-06 21:15:43,happy
2025-05-06 21:15:43,happy
2025-05-06 21:15:43,happy
2025-05-06 21:15:43,happy
2025-05-06 21:15:43,happy
2025-05-06 21:15:43,happy
2025-05-06 21:15:43,happy
2025-05-06 21:15:43,happy
2025-05-06 21:15:43,happy
2025-05-06 21:15:43,happy
2025-05-06 21:15:43,happy
2025-05-06 21:15:43,happy
2025-05-06 21:15:43,happy
2025-05-06 21:15:43,happy
2025-05-06 21:15:43,happy
2025-05-06 21:15:43,happy
2025-05-06 21:15:43,happy
2025-05-06 21:15:43,happy
2025-05-06 21:15:43,happy
2025-05-06 21:15:43,happy
2025-05-06 21:15:43,happy
2025-05-06 21:15:44,happy
2025-05-06 21:15:44,happy
2025-05-06 21:15:44,happy
2025-05-06 21:15:44,happy
2025-05-06 21:15:44,happy
2025-05-06 21:15:44,happy
2025-05-06 21:15:44,happy
2025-05-06 21:15:44,happy
2025-05-06 21:15:44,happy
2025-05-06 21:15:44,happy
2025-05-06 21:15:44,happy
2025-05-06 21:15:44,happy
2025-05-06 21:15:44,happy
2025-05-06 21:15:44,happy
2025-05-06 21:15:44,happy
2025-05-06 21:15:44,happy
2025-05-06 21:15:44,happy
2025-05-06 21:15:44,happy
2025-05-06 21:15:45,neutral
2025-05-06 21:15:45,neutral
2025-05-06 21:15:45,neutral
2025-05-06 21:15:45,neutral
2025-05-06 21:15:45,neutral
2025-05-06 21:15:45,neutral
2025-05-06 21:15:45,neutral
2025-05-06 21:15:45,neutral
2025-05-06 21:15:45,neutral
2025-05-06 21:15:45,neutral
2025-05-06 21:15:45,neutral
2025-05-06 21:15:45,happy
2025-05-06 21:15:45,happy
2025-05-06 21:15:45,happy
2025-05-06 21:15:45,happy
2025-05-06 21:15:45,happy
2025-05-06 21:15:46,happy
2025-05-06 21:15:46,happy
2025-05-06 21:15:46,happy
2025-05-06 21:15:46,happy
2025-05-06 21:15:46,happy
2025-05-06 21:15:46,happy
2025-05-06 21:15:46,happy
2025-05-06 21:15:46,happy
2025-05-06 21:15:46,happy
2025-05-06 21:15:46,happy
2025-05-06 21:15:46,happy
2025-05-06 21:15:46,happy
2025-05-06 21:15:46,happy
2025-05-06 21:15:46,happy
2025-05-06 21:15:46,happy
2025-05-06 21:15:46,happy
2025-05-06 21:15:46,happy
2025-05-06 21:15:46,happy
2025-05-06 21:15:46,happy
2025-05-06 21:15:46,happy
2025-05-06 21:15:46,happy
2025-05-06 21:15:47,happy
2025-05-06 21:15:47,happy
2025-05-06 21:15:47,happy
2025-05-06 21:15:47,happy
2025-05-06 21:15:47,happy
2025-05-06 21:15:47,happy
2025-05-06 21:15:47,happy
2025-05-06 21:15:47,happy
2025-05-06 21:15:47,happy
2025-05-06 21:15:47,happy
2025-05-06 21:15:47,happy
2025-05-06 21:15:47,happy
2025-05-06 21:15:47,happy
2025-05-06 21:15:47,happy
2025-05-06 21:15:47,happy
2025-05-06 21:15:47,happy
2025-05-06 21:15:47,happy
2025-05-06 21:15:47,happy
2025-05-06 21:15:47,happy
2025-05-06 21:15:47,happy
2025-05-06 21:15:47,happy
2025-05-06 21:15:47,happy
2025-05-06 21:15:47,happy
2025-05-06 21:15:47,happy
2025-05-06 21:15:48,happy
2025-05-06 21:15:48,happy
2025-05-06 21:15:48,happy
2025-05-06 21:15:48,happy
2025-05-06 21:15:48,happy
2025-05-06 21:15:48,happy
2025-05-06 21:15:48,happy
2025-05-06 21:15:48,neutral
2025-05-06 21:15:48,neutral
2025-05-06 21:15:48,neutral
2025-05-06 21:15:48,neutral
2025-05-06 21:15:48,neutral
2025-05-06 21:15:48,neutral
2025-05-06 21:15:48,neutral
2025-05-06 21:15:48,neutral
2025-05-06 21:15:48,neutral
2025-05-06 21:15:48,neutral
2025-05-06 21:15:48,neutral
2025-05-06 21:15:48,neutral
2025-05-06 21:15:48,neutral
2025-05-06 21:15:48,neutral
2025-05-06 21:15:49,neutral
2025-05-06 21:15:49,neutral
2025-05-06 21:15:49,neutral
2025-05-06 21:15:49,neutral
2025-05-06 21:15:49,neutral
2025-05-06 21:15:49,neutral
2025-05-06 21:15:49,neutral
2025-05-06 21:15:49,neutral
2025-05-06 21:15:49,neutral
2025-05-06 21:15:49,neutral
2025-05-06 21:15:49,neutral
2025-05-06 21:15:50,neutral
2025-05-06 21:15:50,neutral
2025-05-06 21:15:50,neutral
2025-05-06 21:15:50,happy
2025-05-06 21:15:50,happy
2025-05-06 21:15:50,neutral
2025-05-06 21:15:50,happy
2025-05-06 21:15:50,happy
2025-05-06 21:15:50,happy
2025-05-06 21:15:51,neutral
2025-05-06 21:15:51,neutral
2025-05-06 21:15:51,happy
2025-05-06 21:15:51,happy
2025-05-06 21:15:51,happy
2025-05-06 21:15:51,happy
2025-05-06 21:15:51,happy
2025-05-06 21:15:51,happy
2025-05-06 21:15:51,happy
2025-05-06 21:15:51,happy
2025-05-06 21:15:51,happy
2025-05-06 21:15:51,happy
2025-05-06 21:15:51,happy
2025-05-06 21:15:51,happy
2025-05-06 21:15:52,happy
2025-05-06 21:15:52,happy
2025-05-06 21:15:52,happy
2025-05-06 21:15:52,happy
2025-05-06 21:15:52,happy
2025-05-06 21:15:52,happy
2025-05-06 21:15:52,happy
2025-05-06 21:15:52,happy
2025-05-06 21:15:52,happy
2025-05-06 21:15:52,happy
2025-05-06 21:15:52,happy
2025-05-06 21:15:52,happy
2025-05-06 21:15:52,happy
2025-05-06 21:15:52,happy
2025-05-06 21:15:52,happy
2025-05-06 21:15:52,happy
2025-05-06 21:15:52,happy
2025-05-06 21:15:52,happy
2025-05-06 21:15:52,happy
2025-05-06 21:15:52,happy
2025-05-06 21:15:52,happy
2025-05-06 21:15:52,happy
2025-05-06 21:15:52,happy
2025-05-06 21:15:52,happy
2025-05-06 21:15:52,happy
2025-05-06 21:15:52,happy
2025-05-06 21:15:52,happy
2025-05-06 21:15:52,happy
2025-05-06 21:15:53,happy
2025-05-06 21:15:53,happy
2025-05-06 21:15:53,happy
2025-05-06 21:15:53,happy
2025-05-06 21:15:53,happy
2025-05-06 21:15:53,happy
2025-05-06 21:15:53,happy
2025-05-06 21:15:53,happy
2025-05-06 21:15:53,happy
2025-05-06 21:15:53,happy
2025-05-06 21:15:53,happy
2025-05-06 21:15:53,happy
2025-05-06 21:15:53,happy
2025-05-06 21:15:53,happy
2025-05-06 21:15:53,happy
2025-05-06 21:15:53,happy
2025-05-06 21:15:53,happy
2025-05-06 21:15:53,happy
2025-05-06 21:15:53,happy
2025-05-06 21:15:53,happy
2025-05-06 21:15:53,happy
2025-05-06 21:15:53,happy
2025-05-06 21:15:54,happy
2025-05-06 21:15:54,happy
2025-05-06 21:15:54,happy
2025-05-06 21:15:54,happy
2025-05-06 21:15:54,happy
2025-05-06 21:15:54,happy
2025-05-06 21:15:54,happy
2025-05-06 21:15:54,happy
2025-05-06 21:15:54,happy
2025-05-06 21:15:54,happy
2025-05-06 21:15:54,happy
2025-05-06 21:15:54,happy
2025-05-06 21:15:54,happy
2025-05-06 21:15:54,happy
2025-05-06 21:15:54,happy
2025-05-06 21:15:54,happy
2025-05-06 21:15:54,happy
2025-05-06 21:15:54,happy
2025-05-06 21:15:54,happy
2025-05-06 21:15:54,happy
2025-05-06 21:15:54,happy
2025-05-06 21:15:54,happy
2025-05-06 21:15:54,happy
2025-05-06 21:15:55,happy
2025-05-06 21:15:55,happy
2025-05-06 21:15:55,happy
2025-05-06 21:15:55,happy
2025-05-06 21:15:55,happy
2025-05-06 21:15:55,happy
2025-05-06 21:15:55,happy
2025-05-06 21:15:55,happy
2025-05-06 21:15:55,happy
2025-05-06 21:15:55,happy
2025-05-06 21:15:55,happy
2025-05-06 21:15:55,happy
2025-05-06 21:15:55,happy
2025-05-06 21:15:55,happy
2025-05-06 21:15:55,happy
2025-05-06 21:15:55,happy
2025-05-06 21:15:55,happy
2025-05-06 21:15:55,happy
2025-05-06 21:15:55,happy
2025-05-06 21:15:55,happy
2025-05-06 21:15:55,happy
2025-05-06 21:15:56,happy
2025-05-06 21:15:56,happy
2025-05-06 21:15:56,happy
2025-05-06 21:15:56,happy
2025-05-06 21:15:56,happy
2025-05-06 21:15:56,happy
2025-05-06 21:15:56,happy
2025-05-06 21:15:56,happy
2025-05-06 21:15:56,happy
2025-05-06 21:15:56,happy
2025-05-06 21:15:56,happy
2025-05-06 21:15:56,happy
2025-05-06 21:15:56,happy
2025-05-06 21:15:56,happy
2025-05-06 21:15:56,happy
2025-05-06 21:15:56,happy
2025-05-06 21:15:56,happy
2025-05-06 21:15:56,happy
2025-05-06 21:15:56,happy
2025-05-06 21:15:56,happy
2025-05-06 21:15:56,happy
2025-05-06 21:15:56,happy
2025-05-06 21:15:57,happy
2025-05-06 21:15:57,happy
2025-05-06 21:15:57,happy
2025-05-06 21:15:57,happy
2025-05-06 21:15:57,happy
2025-05-06 21:15:57,happy
2025-05-06 21:15:57,happy
2025-05-06 21:15:57,happy
2025-05-06 21:15:57,happy
2025-05-06 21:15:57,happy
2025-05-06 21:15:57,neutral
2025-05-06 21:15:57,neutral
2025-05-06 21:15:57,neutral
2025-05-06 21:15:57,neutral
2025-05-06 21:15:57,neutral
2025-05-06 21:15:57,neutral
2025-05-06 21:15:57,neutral
2025-05-06 21:15:57,neutral
2025-05-06 21:15:57,neutral
2025-05-06 21:15:57,neutral
2025-05-06 21:15:57,neutral
2025-05-06 21:15:57,neutral
2025-05-06 21:15:57,neutral
2025-05-06 21:15:57,neutral
2025-05-06 21:15:57,neutral
2025-05-06 21:15:57,happy
2025-05-06 21:15:57,happy
2025-05-06 21:15:58,happy
2025-05-06 21:15:58,happy
2025-05-06 21:15:58,happy
2025-05-06 21:15:58,happy
2025-05-06 21:15:58,happy
2025-05-06 21:15:58,happy
2025-05-06 21:15:58,happy
2025-05-06 21:15:58,neutral
2025-05-06 21:15:58,neutral
2025-05-06 21:15:58,neutral
2025-05-06 21:15:58,happy
2025-05-06 21:15:58,happy
2025-05-06 21:15:58,happy
2025-05-06 21:15:58,happy
2025-05-06 21:15:58,happy
2025-05-06 21:15:58,happy
2025-05-06 21:15:58,happy
2025-05-06 21:15:58,happy
2025-05-06 21:15:58,happy
2025-05-06 21:15:58,happy
2025-05-06 21:15:58,happy
2025-05-06 21:15:58,happy
2025-05-06 21:15:58,happy
2025-05-06 21:15:58,happy
2025-05-06 21:15:58,happy
2025-05-06 21:15:59,happy
2025-05-06 21:15:59,happy
2025-05-06 21:15:59,happy
2025-05-06 21:15:59,happy
2025-05-06 21:15:59,happy
2025-05-06 21:15:59,happy
2025-05-06 21:15:59,happy
2025-05-06 21:15:59,happy
2025-05-06 21:15:59,happy
2025-05-06 21:15:59,happy
2025-05-06 21:15:59,happy
2025-05-06 21:15:59,happy
2025-05-06 21:15:59,happy
2025-05-06 21:15:59,happy
2025-05-06 21:15:59,happy
2025-05-06 21:15:59,happy
2025-05-06 21:15:59,happy
2025-05-06 21:15:59,happy
2025-05-06 21:15:59,happy
2025-05-06 21:15:59,happy
2025-05-06 21:15:59,happy
2025-05-06 21:15:59,happy
2025-05-06 21:15:59,happy
2025-05-06 21:15:59,happy
2025-05-06 21:15:59,happy
2025-05-06 21:15:59,happy
2025-05-06 21:16:00,neutral
2025-05-06 21:16:00,neutral
2025-05-06 21:16:00,neutral
2025-05-06 21:16:00,neutral
2025-05-06 21:16:00,neutral
2025-05-06 21:16:00,neutral
2025-05-06 21:16:00,neutral
2025-05-06 21:16:00,neutral
2025-05-06 21:16:00,neutral
2025-05-06 21:16:00,neutral
2025-05-06 21:16:00,neutral
2025-05-06 21:16:00,neutral
2025-05-06 21:16:00,neutral
2025-05-06 21:16:00,neutral
2025-05-06 21:16:00,neutral
2025-05-06 21:16:00,neutral
2025-05-06 21:16:00,neutral
2025-05-06 21:16:00,happy
2025-05-06 21:16:00,happy
2025-05-06 21:16:00,happy
2025-05-06 21:16:00,neutral
2025-05-06 21:16:00,neutral
2025-05-06 21:16:00,neutral
2025-05-06 21:16:00,neutral
2025-05-06 21:16:00,neutral
2025-05-06 21:16:00,neutral
2025-05-06 21:16:00,neutral
2025-05-06 21:16:00,neutral
2025-05-06 21:16:00,neutral
2025-05-06 21:16:01,neutral
2025-05-06 21:16:01,neutral
2025-05-06 21:16:01,neutral
2025-05-06 21:16:01,neutral
2025-05-06 21:16:01,neutral
2025-05-06 21:16:01,neutral
2025-05-06 21:16:01,neutral
2025-05-06 21:16:01,neutral
2025-05-06 21:16:01,neutral
2025-05-06 21:16:01,neutral
2025-05-06 21:16:01,neutral
2025-05-06 21:16:01,neutral
2025-05-06 21:16:01,neutral
2025-05-06 21:16:01,neutral
2025-05-06 21:16:01,neutral
2025-05-06 21:16:01,neutral
2025-05-06 21:16:01,neutral
2025-05-06 21:16:01,neutral
2025-05-06 21:16:01,happy
2025-05-06 21:16:01,happy
2025-05-06 21:16:01,happy
2025-05-06 21:16:01,happy
2025-05-06 21:16:01,happy
2025-05-06 21:16:01,happy
2025-05-06 21:16:01,happy
2025-05-06 21:16:01,happy
2025-05-06 21:16:01,happy
2025-05-06 21:16:01,neutral
2025-05-06 21:16:01,neutral
2025-05-06 21:16:02,neutral
2025-05-06 21:16:02,happy
2025-05-06 21:16:02,happy
2025-05-06 21:16:02,happy
2025-05-06 21:16:02,happy
2025-05-06 21:16:02,happy
2025-05-06 21:16:02,happy
2025-05-06 21:16:02,happy
2025-05-06 21:16:02,happy
2025-05-06 21:16:02,happy
2025-05-06 21:16:02,neutral
2025-05-06 21:16:02,neutral
2025-05-06 21:16:02,neutral
2025-05-06 21:16:02,happy
2025-05-06 21:16:02,happy
2025-05-06 21:16:02,happy
2025-05-06 21:16:02,happy
2025-05-06 21:16:02,happy
2025-05-06 21:16:02,happy
2025-05-06 21:16:02,happy
2025-05-06 21:16:02,happy
2025-05-06 21:16:02,happy
2025-05-06 21:16:02,neutral
2025-05-06 21:16:02,neutral
2025-05-06 21:16:02,neutral
2025-05-06 21:16:02,happy
2025-05-06 21:16:02,happy
2025-05-06 21:16:02,happy
2025-05-06 21:16:02,neutral
2025-05-06 21:16:02,neutral
2025-05-06 21:16:02,neutral
2025-05-06 21:16:03,happy
2025-05-06 21:16:03,happy
2025-05-06 21:16:03,happy
2025-05-06 21:16:03,happy
2025-05-06 21:16:03,happy
2025-05-06 21:16:03,happy
2025-05-06 21:16:03,happy
2025-05-06 21:16:03,happy
2025-05-06 21:16:03,happy
2025-05-06 21:16:03,happy
2025-05-06 21:16:03,happy
2025-05-06 21:16:03,happy
2025-05-06 21:16:03,happy
2025-05-06 21:16:03,happy
2025-05-06 21:16:03,happy
2025-05-06 21:16:03,happy
2025-05-06 21:16:03,happy
2025-05-06 21:16:03,happy
2025-05-06 21:16:03,happy
2025-05-06 21:16:03,happy
2025-05-06 21:16:03,happy
2025-05-06 21:16:03,happy
2025-05-06 21:16:03,happy
2025-05-06 21:16:04,happy
2025-05-06 21:16:04,happy
2025-05-06 21:16:04,happy
2025-05-06 21:16:04,happy
2025-05-06 21:16:04,happy
2025-05-06 21:16:04,happy
2025-05-06 21:16:04,happy
2025-05-06 21:16:04,happy
2025-05-06 21:16:04,happy
2025-05-06 21:16:04,happy
2025-05-06 21:16:04,happy
2025-05-06 21:16:04,happy
2025-05-06 21:16:04,happy
2025-05-06 21:16:04,happy
2025-05-06 21:16:04,happy
2025-05-06 21:16:04,happy
2025-05-06 21:16:04,happy
2025-05-06 21:16:04,happy
2025-05-06 21:16:05,happy
2025-05-06 21:16:05,happy
2025-05-06 21:16:05,happy
2025-05-06 21:16:05,happy
2025-05-06 21:16:05,happy
2025-05-06 21:16:05,happy
2025-05-06 21:16:05,happy
2025-05-06 21:16:05,happy
2025-05-06 21:16:05,happy
2025-05-06 21:16:05,happy
2025-05-06 21:16:05,happy
2025-05-06 21:16:05,happy
2025-05-06 21:16:05,happy
2025-05-06 21:16:05,happy
2025-05-06 21:16:05,happy
2025-05-06 21:16:05,happy
2025-05-06 21:16:05,happy
2025-05-06 21:16:05,happy
2025-05-06 21:16:05,happy
2025-05-06 21:16:05,happy
2025-05-06 21:16:05,happy
2025-05-06 21:16:05,happy
2025-05-06 21:16:05,happy
2025-05-06 21:16:05,happy
2025-05-06 21:16:05,happy
2025-05-06 21:16:06,happy
2025-05-06 21:16:06,happy
2025-05-06 21:16:06,happy
2025-05-06 21:16:06,happy
2025-05-06 21:16:06,happy
2025-05-06 21:16:06,happy
2025-05-06 21:16:06,happy
2025-05-06 21:16:06,happy
2025-05-06 21:16:06,happy
2025-05-06 21:16:06,happy
2025-05-06 21:16:06,happy
2025-05-06 21:16:06,happy
2025-05-06 21:16:06,happy
2025-05-06 21:16:06,happy
2025-05-06 21:16:06,happy
2025-05-06 21:16:06,happy
2025-05-06 21:16:06,happy
2025-05-06 21:16:06,happy
2025-05-06 21:16:06,happy
2025-05-06 21:16:06,happy
2025-05-06 21:16:06,happy
2025-05-06 21:16:06,happy
2025-05-06 21:16:06,happy
2025-05-06 21:16:06,happy
2025-05-06 21:16:06,happy
2025-05-06 21:16:06,happy
2025-05-06 21:16:06,happy
2025-05-06 21:16:07,happy
2025-05-06 21:16:07,happy
2025-05-06 21:16:07,happy
2025-05-06 21:16:07,happy
2025-05-06 21:16:07,happy
2025-05-06 21:16:07,happy
2025-05-06 21:16:07,happy
2025-05-06 21:16:07,happy
2025-05-06 21:16:07,happy
2025-05-06 21:16:07,happy
2025-05-06 21:16:07,happy
2025-05-06 21:16:07,happy
